Company ID,Company Name,Industry,Net Worth (USD),Headquarters
COM001,NovaTech Systems,AI,$120 Billion,California
COM002,CloudSphere Inc,Cloud Computing,$85 Billion,Texas
COM003,Quantum Byte,Cybersecurity,$60 Billion,New York
COM004,PixelForge Labs,Software,$45 Billion,Washington
COM005,Vertex Dynamics,Data Analytics,$150 Billion,Massachusetts
COM006,CyberNest,Networking,$75 Billion,Florida
COM007,Aether Solutions,AI,$95 Billion,California
COM008,BluePeak AI,Cloud Computing,$110 Billion,Texas
COM009,NextGrid Corp,Cybersecurity,$55 Billion,New York
COM010,Titan Logic,Software,$200 Billion,Washington
COM011,FusionWare,Data Analytics,$80 Billion,Massachusetts
COM012,HyperLink Technologies,Networking,$40 Billion,Florida
COM013,DataBridge Solutions,AI,$65 Billion,California
COM014,Skyline Digital,Cloud Computing,$90 Billion,Texas
COM015,PrimeStack,Cybersecurity,$70 Billion,New York
COM016,EchoMatrix,Software,$130 Billion,Washington
COM017,CircuitHive,Data Analytics,$50 Billion,Massachusetts
COM018,NeuralShift,Networking,$35 Billion,Florida
COM019,CodeVista,AI,$140 Billion,California
COM020,Visionary Labs,Cloud Computing,$100 Billion,Texas
COM021,CoreNet Systems,Cybersecurity,$60 Billion,New York
COM022,ByteFusion,Software,$115 Billion,Washington
COM023,NanoCloud,Data Analytics,$48 Billion,Massachusetts
COM024,VertexCore,Networking,$72 Billion,Florida
COM025,OmniData,AI,$160 Billion,California
COM026,SilverPeak Tech,Cloud Computing,$88 Billion,Texas
COM027,LogicBloom,Cybersecurity,$58 Billion,New York
COM028,Apex Intelligence,Software,$175 Billion,Washington
COM029,ZenithWare,Data Analytics,$68 Billion,Massachusetts
COM030,PulseGrid,Networking,$42 Billion,Florida